{
  "data_version": 2,
  "lastLogin": 1630582385175,
  "lastIP": "/170.239.159.24",
  "usedKits": {
    "inicial": 1630359251460,
    "farm": 1630583373937,
    "diario": 1630583424086,
    "casa": 1630359846163,
    "ajuda": 1630359902506
  },
  "firstJoin": 1630359251449,
  "firstJoinProcessed": true,
  "vanish": false,
  "jailOnNextLogin": false,
  "lastKnownName": "MEGAON120",
  "fly": false,
  "homes": {
    "casa": {
      "x": -29.07440658148531,
      "y": 36,
      "z": -383.82045985439413,
      "rotx": -3.149963140487671,
      "roty": 120.04204559326172,
      "rotz": 0,
      "world": "f899041e-7a46-4b73-8a59-6c16cf7089ab"
    },
    "casa22": {
      "x": -26.759090913512193,
      "y": 36,
      "z": -384.34471642314315,
      "rotx": 8.550061225891113,
      "roty": 133.09182739257812,
      "rotz": 0,
      "world": "f899041e-7a46-4b73-8a59-6c16cf7089ab"
    },
    "casinha": {
      "x": -44.157278137581535,
      "y": 36,
      "z": -381.6691364111914,
      "rotx": 7.350057601928711,
      "roty": 285.7921142578125,
      "rotz": 0,
      "world": "f899041e-7a46-4b73-8a59-6c16cf7089ab"
    }
  },
  "powertools": {}
}