{
  "data_version": 2,
  "lastLogin": 1632691933715,
  "lastIP": "/45.71.211.157",
  "vanish": false,
  "usedKits": {
    "inicial": 1630190340826,
    "ajuda": 1630190738112,
    "farm": 1630984073605,
    "diario": 1632029001543,
    "casa": 1630561602102,
    "raro": 1632063374820,
    "caixas": 1632245763967,
    "ultra": 1632512790096,
    "livros": 1630984133651,
    "ajud": 1630983881552,
    "comida": 1630984123571,
    "zygardecell": 1631886781267
  },
  "firstJoin": 1630190340722,
  "firstJoinProcessed": true,
  "jailOnNextLogin": false,
  "lastKnownName": "WaldyArt",
  "fly": true,
  "homes": {
    "ilha": {
      "x": 88.3774193823395,
      "y": 63,
      "z": -641.9805222355448,
      "rotx": 30.450044631958008,
      "roty": 271.41790771484375,
      "rotz": 0,
      "world": "bad07937-fc1b-4242-af00-53159f0aea67"
    },
    "home": {
      "x": -156.7216219303814,
      "y": 38,
      "z": -270.0557735410904,
      "rotx": 4.715912818908691,
      "roty": 1.3160346746444702,
      "rotz": 0,
      "world": "f899041e-7a46-4b73-8a59-6c16cf7089ab"
    },
    "jung": {
      "x": 911.6528379378149,
      "y": 80,
      "z": -3421.6863950016404,
      "rotx": 21.83127784729004,
      "roty": -5.6829833984375,
      "rotz": 0,
      "world": "bad07937-fc1b-4242-af00-53159f0aea67"
    },
    "gelo": {
      "x": -3678.812624967001,
      "y": 68,
      "z": 6648.8217206287345,
      "rotx": 27.449993133544922,
      "roty": -310.28204345703125,
      "rotz": 0,
      "world": "bad07937-fc1b-4242-af00-53159f0aea67"
    },
    "flor": {
      "x": -3976.362122498158,
      "y": 75,
      "z": 3574.486934415409,
      "rotx": 36.90695571899414,
      "roty": -252.45912170410156,
      "rotz": 0,
      "world": "bad07937-fc1b-4242-af00-53159f0aea67"
    },
    "ultra": {
      "x": 2256.9680741269954,
      "y": 89,
      "z": -2638.7691001052117,
      "rotx": 12.41010570526123,
      "roty": -214.91546630859375,
      "rotz": 0,
      "world": "2be10545-3288-40c7-88f5-48eef4a16fc1"
    },
    "vila2": {
      "x": -3942.1435052733086,
      "y": 72,
      "z": 1076.718144317182,
      "rotx": 25.418621063232422,
      "roty": 282.71759033203125,
      "rotz": 0,
      "world": "bad07937-fc1b-4242-af00-53159f0aea67"
    },
    "vila": {
      "x": -5395.829965921828,
      "y": 72,
      "z": 7014.940828960817,
      "rotx": 19.868637084960938,
      "roty": 80.20381927490234,
      "rotz": 0,
      "world": "bad07937-fc1b-4242-af00-53159f0aea67"
    },
    "loca": {
      "x": -7222.016970917848,
      "y": 80,
      "z": 9091.618022425837,
      "rotx": 40.56590270996094,
      "roty": -174.31793212890625,
      "rotz": 0,
      "world": "bad07937-fc1b-4242-af00-53159f0aea67"
    }
  }
}