{
  "data_version": 2,
  "lastLogin": 1630851615765,
  "lastIP": "/41.251.52.88",
  "usedKits": {
    "inicial": 1630788479180,
    "diario": 1630788598906,
    "farm": 1630789842565,
    "ajuda": 1630789958576,
    "casa": 1630790008883,
    "livros": 1630790070742,
    "comida": 1630790073357
  },
  "firstJoin": 1630788478975,
  "firstJoinProcessed": true,
  "vanish": false,
  "jailOnNextLogin": false,
  "lastKnownName": "Adam_Otaku",
  "fly": false,
  "homes": {
    "hogar": {
      "x": 5241.991708279886,
      "y": 71.0,
      "z": -4344.97950399433,
      "rotx": 30.449777603149414,
      "roty": 153.1065673828125,
      "rotz": 0.0,
      "world": "bad07937-fc1b-4242-af00-53159f0aea67"
    },
    "saf": {
      "x": -4998.49685978337,
      "y": 33.0,
      "z": -4999.459786399221,
      "rotx": -9.150032997131348,
      "roty": 87.136474609375,
      "rotz": 0.0,
      "world": "3cbb4072-006a-48cb-910e-35288b70bb78"
    },
    "ultra": {
      "x": -1053.5,
      "y": 94.0,
      "z": -3948.5,
      "rotx": 38.550045013427734,
      "roty": 5.634462356567383,
      "rotz": 0.0,
      "world": "2be10545-3288-40c7-88f5-48eef4a16fc1"
    },
    "desert": {
      "x": 1266.262498745486,
      "y": 64.0,
      "z": 1894.9563017652256,
      "rotx": 43.34970474243164,
      "roty": 116.60479736328125,
      "rotz": 0.0,
      "world": "bad07937-fc1b-4242-af00-53159f0aea67"
    }
  },
  "powertools": {}
}