{
  "data_version": 2,
  "lastLogin": 1631200464351,
  "lastIP": "/177.33.255.223",
  "usedKits": {
    "inicial": 1630459780369,
    "diario": 1630954065322,
    "farm": 1630961212902,
    "casa": 1630529264899,
    "ajuda": 1630538550619,
    "raro": 1631164442246,
    "caixas": 1631196948373,
    "ultra": 1630887650810
  },
  "firstJoin": 1630459780365,
  "firstJoinProcessed": true,
  "vanish": false,
  "jailOnNextLogin": false,
  "lastKnownName": "skywilson",
  "fly": false,
  "homes": {
    "um": {
      "x": -1620.9230986601203,
      "y": 64,
      "z": -297.8814037481059,
      "rotx": 6.600000858306885,
      "roty": 189.9000244140625,
      "rotz": 0,
      "world": "bad07937-fc1b-4242-af00-53159f0aea67"
    },
    "taiga": {
      "x": -7215.84368722677,
      "y": 72,
      "z": -285.84177803448324,
      "rotx": 15.750014305114746,
      "roty": 188.84414672851562,
      "rotz": 0,
      "world": "bad07937-fc1b-4242-af00-53159f0aea67"
    },
    "ocean": {
      "x": -1512.7517159412735,
      "y": 62,
      "z": -925.738825922918,
      "rotx": 10.49992561340332,
      "roty": 352.500732421875,
      "rotz": 0,
      "world": "bad07937-fc1b-4242-af00-53159f0aea67"
    },
    "home": {
      "x": -390.00596523083124,
      "y": 84,
      "z": -6462.8329681178475,
      "rotx": 22.049856185913086,
      "roty": 207.42530822753906,
      "rotz": 0,
      "world": "bad07937-fc1b-4242-af00-53159f0aea67"
    },
    "mimi": {
      "x": -6669.454615205691,
      "y": 82,
      "z": -9064.442998666984,
      "rotx": 52.350006103515625,
      "roty": -182.0504608154297,
      "rotz": 0,
      "world": "bad07937-fc1b-4242-af00-53159f0aea67"
    }
  },
  "powertools": {}
}