{
  "data_version": 2,
  "lastLogin": 1632684478967,
  "lastIP": "/177.205.19.19",
  "usedKits": {
    "inicial": 1630179134254,
    "comida": 1630189627984,
    "ajuda": 1630189911383,
    "casa": 1630249269575,
    "diario": 1630189947332,
    "farm": 1630190088597,
    "mod": 1630192064127,
    "raro": 1630253920776,
    "caixas": 1630249068816,
    "ultra": 1630592518311
  },
  "firstJoin": 1630179134246,
  "firstJoinProcessed": true,
  "vanish": false,
  "jailOnNextLogin": false,
  "lastKnownName": "seunickk",
  "fly": false,
  "nickname-text": "{\"color\":\"light_purple\",\"text\":\"Denji\"}",
  "homes": {
    "ds": {
      "x": 3572.5313466851576,
      "y": 88,
      "z": -4591.475322314942,
      "rotx": 22.199996948242188,
      "roty": 82.05551147460938,
      "rotz": 0,
      "world": "2be10545-3288-40c7-88f5-48eef4a16fc1"
    },
    "katana": {
      "x": 3157.6755158622454,
      "y": 103,
      "z": -4068.5290546294773,
      "rotx": 61.97296142578125,
      "roty": 30.23699378967285,
      "rotz": 0,
      "world": "2be10545-3288-40c7-88f5-48eef4a16fc1"
    },
    "pesca": {
      "x": -7669.618949094986,
      "y": 63.09375,
      "z": 2294.4280289822973,
      "rotx": 57.959999084472656,
      "roty": 345.564208984375,
      "rotz": 0,
      "world": "bad07937-fc1b-4242-af00-53159f0aea67"
    },
    "casa2": {
      "x": -25.568019570996746,
      "y": 36,
      "z": 3975.34882835643,
      "rotx": 35.550106048583984,
      "roty": 87.96846008300781,
      "rotz": 0,
      "world": "f899041e-7a46-4b73-8a59-6c16cf7089ab"
    }
  },
  "powertools": {}
}