{
  "data_version": 2,
  "lastLogin": 1632595084164,
  "lastIP": "/192.141.187.89",
  "usedKits": {
    "inicial": 1632098557842,
    "ajuda": 1632099877973,
    "diario": 1632099886125,
    "farm": 1632099999526,
    "casa": 1632276094642,
    "caixas": 1632282097945
  },
  "firstJoin": 1632098557645,
  "firstJoinProcessed": true,
  "vanish": false,
  "jailOnNextLogin": false,
  "lastKnownName": "Arkeron",
  "fly": false,
  "homes": {
    "taigagelo": {
      "x": -4291.533070346019,
      "y": 75,
      "z": -4639.574388664475,
      "rotx": 79.20001220703125,
      "roty": -261.3077392578125,
      "rotz": 0,
      "world": "bad07937-fc1b-4242-af00-53159f0aea67"
    },
    "ravina": {
      "x": -6996.390238990703,
      "y": 21,
      "z": -776.2079048435229,
      "rotx": 15.2999906539917,
      "roty": -284.546875,
      "rotz": 0,
      "world": "bad07937-fc1b-4242-af00-53159f0aea67"
    },
    "deep": {
      "x": 2706.9148827131526,
      "y": 63,
      "z": -311.87981686079127,
      "rotx": 26.5500545501709,
      "roty": -91.30458068847656,
      "rotz": 0,
      "world": "bad07937-fc1b-4242-af00-53159f0aea67"
    },
    "extreme": {
      "x": -3728.2485393448296,
      "y": 113,
      "z": 9480.605515268388,
      "rotx": 39.300140380859375,
      "roty": 38.2950439453125,
      "rotz": 0,
      "world": "bad07937-fc1b-4242-af00-53159f0aea67"
    }
  },
  "powertools": {}
}