{
  "data_version": 2,
  "lastLogin": 1630452766841,
  "lastIP": "/181.225.187.67",
  "vanish": false,
  "usedKits": {
    "inicial": 1630189673711,
    "ajuda": 1630189729017,
    "diario": 1630277338598,
    "farm": 1630190212597,
    "casa": 1630277241413
  },
  "firstJoin": 1630189673605,
  "firstJoinProcessed": true,
  "jailOnNextLogin": false,
  "lastKnownName": "Kassa",
  "fly": false,
  "homes": {
    "casa": {
      "x": 208.38566794591134,
      "y": 36.5,
      "z": 7.807383628592492,
      "rotx": 22.944726943969727,
      "roty": 59.212162017822266,
      "rotz": 0,
      "world": "f899041e-7a46-4b73-8a59-6c16cf7089ab"
    },
    "vila": {
      "x": 1765.041859406207,
      "y": 71,
      "z": -4862.809848258679,
      "rotx": 18.026517868041992,
      "roty": -324.759765625,
      "rotz": 0,
      "world": "bad07937-fc1b-4242-af00-53159f0aea67"
    },
    "farm": {
      "x": -8071.699999988079,
      "y": 52,
      "z": -7733.551829815262,
      "rotx": 31.59543228149414,
      "roty": 86.16888427734375,
      "rotz": 0,
      "world": "bad07937-fc1b-4242-af00-53159f0aea67"
    },
    "mina": {
      "x": -6738.620011979215,
      "y": 15,
      "z": 7273.933423779358,
      "rotx": 12.896644592285156,
      "roty": -167.2336883544922,
      "rotz": 0,
      "world": "bad07937-fc1b-4242-af00-53159f0aea67"
    },
    "tesouro": {
      "x": -560.9557030666323,
      "y": 74,
      "z": 6.036843773726398,
      "rotx": 13.81132698059082,
      "roty": 88.8821792602539,
      "rotz": 0,
      "world": "bad07937-fc1b-4242-af00-53159f0aea67"
    }
  },
  "powertools": {}
}