{
  "data_version": 2,
  "lastLogin": 1630344979829,
  "lastIP": "/179.127.129.166",
  "usedKits": {
    "inicial": 1630342771981,
    "diario": 1630343018258,
    "ajuda": 1630345930961
  },
  "firstJoin": 1630342771977,
  "firstJoinProcessed": true,
  "vanish": false,
  "jailOnNextLogin": false,
  "lastKnownName": "Gus201031",
  "fly": false,
  "homes": {
    "gus": {
      "x": -7762.769136805335,
      "y": 63.0,
      "z": 6697.412166195723,
      "rotx": 34.650001525878906,
      "roty": 95.65689086914062,
      "rotz": 0.0,
      "world": "bad07937-fc1b-4242-af00-53159f0aea67"
    },
    "nether": {
      "x": -29.971344934939417,
      "y": 81.0,
      "z": -1826.699999988079,
      "rotx": 44.84980773925781,
      "roty": 295.4566650390625,
      "rotz": 0.0,
      "world": "bad07937-fc1b-4242-af00-53159f0aea67"
    },
    "birch": {
      "x": 9331.300000011921,
      "y": 86.0,
      "z": -8589.088878132146,
      "rotx": 47.849979400634766,
      "roty": 126.44271850585938,
      "rotz": 0.0,
      "world": "bad07937-fc1b-4242-af00-53159f0aea67"
    },
    "extreme": {
      "x": 9349.029441703911,
      "y": 89.0,
      "z": -8693.300000011921,
      "rotx": 24.75001335144043,
      "roty": 316.0921630859375,
      "rotz": 0.0,
      "world": "bad07937-fc1b-4242-af00-53159f0aea67"
    }
  },
  "powertools": {}
}