{
  "data_version": 1,
  "s[pawn-rotation": {
    "rotx": 13.349997520446777,
    "roty": -87.29876708984375,
    "rotz": 0.0
  }
}