{
  "data_version": 2,
  "lastLogin": 1632631223765,
  "lastIP": "/189.102.88.171",
  "vanish": false,
  "usedKits": {
    "inicial": 1630201929166,
    "comida": 1630341396640,
    "mod": 1630202982719,
    "ajuda": 1630203335288,
    "diario": 1632172317252,
    "casa": 1630522955313,
    "farm": 1630742208674
  },
  "firstJoin": 1630201929163,
  "firstJoinProcessed": true,
  "jailOnNextLogin": false,
  "lastKnownName": "fgn147",
  "fly": false,
  "homes": {
    "kartana": {
      "x": 3660.120920830333,
      "y": 91,
      "z": -764.8211456427532,
      "rotx": 21.359718322753906,
      "roty": 35.2529296875,
      "rotz": 0,
      "world": "2be10545-3288-40c7-88f5-48eef4a16fc1"
    },
    "seu": {
      "x": -15.904265093007783,
      "y": 36,
      "z": 122.44239875039752,
      "rotx": 32.047607421875,
      "roty": 223.4544677734375,
      "rotz": 0,
      "world": "f899041e-7a46-4b73-8a59-6c16cf7089ab"
    },
    "home": {
      "x": 5.300000011920929,
      "y": 36,
      "z": -9089.650755421097,
      "rotx": 62.18022537231445,
      "roty": -27.95973777770996,
      "rotz": 0,
      "world": "f899041e-7a46-4b73-8a59-6c16cf7089ab"
    },
    "base": {
      "x": -869.2690114791365,
      "y": 36,
      "z": 333.85091534318656,
      "rotx": 19.503253936767578,
      "roty": -9.09369945526123,
      "rotz": 0,
      "world": "f899041e-7a46-4b73-8a59-6c16cf7089ab"
    },
    "casa": {
      "x": -48.06439906521067,
      "y": 41,
      "z": 4006.6765016405984,
      "rotx": 38.24472427368164,
      "roty": 93.46281433105469,
      "rotz": 0,
      "world": "f899041e-7a46-4b73-8a59-6c16cf7089ab"
    }
  },
  "nickname-text": "{\"color\":\"dark_gray\",\"text\":\"fgn147\"}",
  "user-prefs": {
    "nucleus:view-staff-chat": true
  },
  "powertools": {}
}