{
  "data_version": 2,
  "lastLogin": 1632177124050,
  "lastIP": "/109.51.166.100",
  "usedKits": {
    "inicial": 1630364729889,
    "ajuda": 1630365131763,
    "farm": 1630768863474,
    "diario": 1630365205626
  },
  "firstJoin": 1630364729881,
  "firstJoinProcessed": true,
  "vanish": false,
  "jailOnNextLogin": false,
  "lastKnownName": "Tiaaago_",
  "fly": false,
  "homes": {
    "home": {
      "x": 2020.544073893536,
      "y": 84,
      "z": -1078.691454123254,
      "rotx": 23.78477668762207,
      "roty": 311.8896484375,
      "rotz": 0,
      "world": "bad07937-fc1b-4242-af00-53159f0aea67"
    },
    "quatro": {
      "x": -358.654008518385,
      "y": 51,
      "z": 171.6499873746219,
      "rotx": 22.499675750732422,
      "roty": -177.25164794921875,
      "rotz": 0,
      "world": "f899041e-7a46-4b73-8a59-6c16cf7089ab"
    },
    "tres": {
      "x": -354.1332209797785,
      "y": 46,
      "z": 111.26993113254424,
      "rotx": 5.549926280975342,
      "roty": 2.597869873046875,
      "rotz": 0,
      "world": "f899041e-7a46-4b73-8a59-6c16cf7089ab"
    },
    "dois": {
      "x": -353.95256618165837,
      "y": 41,
      "z": 111.05219610143173,
      "rotx": 12.749784469604492,
      "roty": 0.49658203125,
      "rotz": 0,
      "world": "f899041e-7a46-4b73-8a59-6c16cf7089ab"
    }
  },
  "powertools": {}
}