{
  "data_version": 2,
  "lastLogin": 1631643270398,
  "lastIP": "/187.1.181.99",
  "vanish": false,
  "usedKits": {
    "inicial": 1631384680222,
    "ajuda": 1631385322010,
    "diario": 1631471840516,
    "farm": 1631642341037
  },
  "firstJoin": 1631384680125,
  "firstJoinProcessed": true,
  "jailOnNextLogin": false,
  "lastKnownName": "PaiAug",
  "fly": false,
  "homes": {
    "home": {
      "x": -3700.9995748503625,
      "y": 73.50569987297058,
      "z": 4354.230708730698,
      "rotx": 26.010385513305664,
      "roty": 332.59710693359375,
      "rotz": 0,
      "world": "bad07937-fc1b-4242-af00-53159f0aea67"
    },
    "home2": {
      "x": 3078.8207321332075,
      "y": 64,
      "z": 4015.8790154944827,
      "rotx": 4.0373854637146,
      "roty": 76.5422134399414,
      "rotz": 0,
      "world": "bad07937-fc1b-4242-af00-53159f0aea67"
    },
    "ice": {
      "x": -5427.429448883929,
      "y": 78,
      "z": 6790.424448881857,
      "rotx": 11.862188339233398,
      "roty": 212.2178497314453,
      "rotz": 0,
      "world": "bad07937-fc1b-4242-af00-53159f0aea67"
    },
    "shas": {
      "x": -20.58526792108571,
      "y": 89,
      "z": -1851.1429597523918,
      "rotx": 17.578632354736328,
      "roty": 121.35774230957031,
      "rotz": 0,
      "world": "bad07937-fc1b-4242-af00-53159f0aea67"
    },
    "jaaj": {
      "x": 2960.7564584081274,
      "y": 87,
      "z": 4011.3062338724267,
      "rotx": 33.801048278808594,
      "roty": 120.04568481445312,
      "rotz": 0,
      "world": "bad07937-fc1b-4242-af00-53159f0aea67"
    }
  },
  "powertools": {}
}