{
  "data_version": 2,
  "lastLogin": 1631628949793,
  "lastIP": "/186.224.88.195",
  "usedKits": {
    "inicial": 1630331580389,
    "farm": 1630879365612,
    "livros": 1630332025643,
    "diario": 1630444427043,
    "casa": 1630452399014,
    "comida": 1630340647634,
    "ajuda": 1630406213954,
    "raro": 1630969488393,
    "caixas": 1631629860318
  },
  "firstJoin": 1630331580383,
  "firstJoinProcessed": true,
  "vanish": false,
  "jailOnNextLogin": false,
  "lastKnownName": "nucleofukada",
  "fly": false,
  "homes": {
    "casa": {
      "x": -25.14887580460402,
      "y": 36,
      "z": -413.283515397855,
      "rotx": 15.450044631958008,
      "roty": 348.0420227050781,
      "rotz": 0,
      "world": "f899041e-7a46-4b73-8a59-6c16cf7089ab"
    },
    "bah": {
      "x": -2955.956693977924,
      "y": 23,
      "z": -5102.767966353439,
      "rotx": 46.49999237060547,
      "roty": 355.63848876953125,
      "rotz": 0,
      "world": "bad07937-fc1b-4242-af00-53159f0aea67"
    },
    "loot": {
      "x": -3633.922936371293,
      "y": 70,
      "z": 4362.329407686009,
      "rotx": 40.799644470214844,
      "roty": 272.50311279296875,
      "rotz": 0,
      "world": "bad07937-fc1b-4242-af00-53159f0aea67"
    },
    "ppp": {
      "x": -6317.419640888422,
      "y": 69,
      "z": 6721.51791166942,
      "rotx": 4.2000412940979,
      "roty": -91.35614013671875,
      "rotz": 0,
      "world": "bad07937-fc1b-4242-af00-53159f0aea67"
    },
    "sky": {
      "x": 39.99839533674754,
      "y": 36,
      "z": -521.4620721397539,
      "rotx": 4.80003023147583,
      "roty": 276.64166259765625,
      "rotz": 0,
      "world": "f899041e-7a46-4b73-8a59-6c16cf7089ab"
    }
  },
  "powertools": {}
}