{
  "data_version": 2,
  "lastLogin": 1632681999249,
  "lastIP": "/188.37.47.217",
  "vanish": false,
  "usedKits": {
    "inicial": 1630190339419,
    "diario": 1631919522063,
    "casa": 1631239961794,
    "livros": 1630190913983,
    "comida": 1632177327336,
    "ajuda": 1630191002516,
    "farm": 1631796279258,
    "beta": 1630197177001,
    "raro": 1632164273759,
    "zygardecell": 1630974907016,
    "caixas": 1632186029165
  },
  "firstJoin": 1630190339220,
  "firstJoinProcessed": true,
  "jailOnNextLogin": false,
  "lastKnownName": "PixelPT",
  "fly": true,
  "nickname-text": "{\"extra\":[{\"color\":\"dark_red\",\"text\":\"Pi\"},{\"color\":\"yellow\",\"text\":\"x\"},{\"color\":\"dark_green\",\"text\":\"el\"}],\"text\":\"\"}",
  "homes": {
    "home": {
      "x": -266.5333562206255,
      "y": 36,
      "z": 111.59317315482113,
      "rotx": -5.72869348526001,
      "roty": -8.042292594909668,
      "rotz": 0,
      "world": "f899041e-7a46-4b73-8a59-6c16cf7089ab"
    },
    "mimi": {
      "x": 893.7435626069971,
      "y": 72,
      "z": -5226.4032518370495,
      "rotx": 12.150002479553223,
      "roty": 128.69754028320312,
      "rotz": 0,
      "world": "bad07937-fc1b-4242-af00-53159f0aea67"
    },
    "vila2": {
      "x": 111.2680490395271,
      "y": 70.9375,
      "z": -3068.166532063028,
      "rotx": 13.950056076049805,
      "roty": -314.6439208984375,
      "rotz": 0,
      "world": "bad07937-fc1b-4242-af00-53159f0aea67"
    },
    "vila": {
      "x": -9070.453032808986,
      "y": 67,
      "z": 4621.497835983241,
      "rotx": 28.800031661987305,
      "roty": -3.4193367958068848,
      "rotz": 0,
      "world": "bad07937-fc1b-4242-af00-53159f0aea67"
    }
  },
  "powertools": {}
}